<?xml version="1.0" encoding="UTF-8" ?>
<dds>
    <profiles xmlns="http://www.eprosima.com/XMLSchemas/fastRTPS_Profiles">

        <transport_descriptors>
            <transport_descriptor>
                <transport_id>HusarnetTransport</transport_id>
                <type>UDPv6</type>
            </transport_descriptor>
        </transport_descriptors>

        <participant profile_name="client_profile" is_default_profile="true">
            <rtps>
                <userTransports>
                    <transport_id>HusarnetTransport</transport_id>
                </userTransports>
                <useBuiltinTransports>true</useBuiltinTransports>
                <defaultUnicastLocatorList>
                    <locator>
                        <udpv6>
                            <address>husarnet-local</address>
                        </udpv6>
                    </locator>
                </defaultUnicastLocatorList>
                <builtin>
                    <discovery_config>
                        <discoveryProtocol>SUPER_CLIENT</discoveryProtocol>
                        <discoveryServersList>
                            <RemoteServer prefix="44.53.01.5f.45.50.52.4f.53.49.4d.41">
                                <metatrafficUnicastLocatorList>
                                    <locator>
                                        <udpv6>
                                            <!-- Pasthe Discovery Server Husarnet hostname here -->
                                            <address>fc94:8d7:1f7:df31:942c:63fd:b036:8ad1</address> 
                                            <port>11812</port>
                                        </udpv6>
                                    </locator>
                                </metatrafficUnicastLocatorList>
                            </RemoteServer>
                        </discoveryServersList>
                    </discovery_config>
                    <metatrafficUnicastLocatorList>
                        <locator>
                            <udpv6>
                                <address>husarnet-local</address>
                            </udpv6>
                        </locator>
                    </metatrafficUnicastLocatorList>
                </builtin>
            </rtps>
        </participant>
    </profiles>
</dds>